order_id,date,customer_id,product_id,quantity,price,category
1001,2023-01-01,C001,P101,2,19.99,Electronics
1002,2023-01-02,C002,P102,1,29.99,Books
1003,2023-01-03,C001,P103,3,9.99,Clothing
1004,2023-01-04,C003,P101,1,19.99,Electronics
1005,2023-01-05,C002,P102,2,29.99,Books
1006,2023-01-06,C004,P104,1,49.99,Electronics
1007,2023-01-07,C003,P105,2,15.99,Clothing
1008,2023-01-08,C005,P106,1,39.99,Books
1009,2023-01-09,C001,P107,3,12.99,Clothing
1010,2023-01-10,C002,P101,1,19.99,ElectronicsS